{"cameraMode":{"drawMode":0,"name":"Shaded","section":"Shading Mode"},"sceneLighting":false,"audioPlay":false,"sceneViewState":{"showFog":true,"showMaterialUpdate":false,"showSkybox":true,"showFlares":true,"showImageEffects":true,"showParticleSystems":true},"in2DMode":false,"pivot":{"x":397.9105529785156,"y":1699.206298828125,"z":3.1875},"rotation":{"x":-0.05116680637001991,"y":-0.06825922429561615,"z":0.0035056667402386667,"w":-0.99634850025177},"size":417.6523132324219,"orthographic":false}